district,school
Anahawan,Amagusan ES
Anahawan,Anahawan Central School
Anahawan,Anahawan CS
Anahawan,Anahawan NVHS
Anahawan,Calinta-an MGES
Anahawan,Capacuhan ES
Anahawan,Lewing MGES
Anahawan,Mahalo ES
Anahawan,Manigawong MGES
Bontoc 1,Banahao MGES
Bontoc 1,Baugo MGES
Bontoc 1,Beniton Integrated School
Bontoc 1,Beniton IS
Bontoc 1,Bontoc CS
Bontoc 1,Bontoc National High School
Bontoc 1,Bontoc NHS
Bontoc 1,Casao MGES
Bontoc 1,Esperanza ES
Bontoc 1,Guinsangaan MGES
Bontoc 1,Hibagwan PS
Bontoc 1,Hilaan ES
Bontoc 1,Hilaan NHS
Bontoc 1,Himakilo PS
Bontoc 1,Hitawos IS
Bontoc 1,Lawgawan PS
Bontoc 1,Malbago MGES
Bontoc 1,Olisihan MGES
Bontoc 1,Pamigsian MGES
Bontoc 1,Pangi MGES
Bontoc 1,Sta. Cruz ES
Bontoc 1,Taa ES
Bontoc 2,Anahao PS
Bontoc 2,Buenavista IS
Bontoc 2,Bunga ES
Bontoc 2,Catmon MGES
Bontoc 2,Catuogan MGES
Bontoc 2,Cawayanan ES
Bontoc 2,Divisoria ES
Bontoc 2,Divisoria NHS
Bontoc 2,Lanao MGES
Bontoc 2,Mahayahay ES
Bontoc 2,Mauylab MGES
Bontoc 2,Paku ES
Bontoc 2,Paku NHS
Bontoc 2,Pamahawan MGES
Bontoc 2,Sampongon Elementary School
Bontoc 2,Sampongon ES
Bontoc 2,San Vicente PS
Bontoc 2,Union ES
Hinunangan,Ambacon ES
Hinunangan,Biasong ES
Hinunangan,Bugho Es
Hinunangan,Calag-itan ES
Hinunangan,Calinao ES
Hinunangan,Canipaan ES
Hinunangan,Canipaan NHS
Hinunangan,Catublian ES
Hinunangan,"Hinunangan Bethel Christian School, Inc."
Hinunangan,Hinunangan East CS
Hinunangan,Hinunangan NHS
Hinunangan,Hinunangan West CS
Hinunangan,Ilaya Elementary School
Hinunangan,Ingan ES
Hinunangan,Kabaskan ES
Hinunangan,Kabaskan PS
Hinunangan,Libas ES
Hinunangan,Lumbog ES
Hinunangan,Manalog Elementary School
Hinunangan,Manalog ES
Hinunangan,Manlico ES
Hinunangan,Matin-ao ES
Hinunangan,Nava ES
Hinunangan,Nava National High School
Hinunangan,Nava NHS
Hinunangan,Nueva Esperanza ES
Hinunangan,Otama ES
Hinunangan,Palongpong ES
Hinunangan,Patong ES
Hinunangan,Pondol ES
Hinunangan,San Pablo IS
Hinunangan,San Pedro ES
Hinunangan,Senda PS
Hinunangan,Sto. NINO II ES
Hinunangan,Sto. Nino NHS
Hinunangan,Sto. Nino NHS
Hinunangan,Tahusan ES
Hinunangan,Tawog PS
Hinunangan,Tuburan ES
Hinundayan,Amaga ES
Hinundayan,Amaga MG Elementary School
Hinundayan,Ambao ES
Hinundayan,An-An MGES
Hinundayan,Baculod MGES
Hinundayan,Biasong MGES
Hinundayan,Bugho ES
Hinundayan,Cabulisan MGES
Hinundayan,Cat-iwing MGES
Hinundayan,Hinundayan Catholic Institute
Hinundayan,"Hinundayan Catholic Institute, Inc."
Hinundayan,Hinundayan CS
Hinundayan,Hubasan ES
Hinundayan,Lungsodaan ES
Hinundayan,Lungsodaan NHS
Hinundayan,Navalita MGES
Hinundayan,Plaridel MGES
Hinundayan,Sagbok ES
Libagon,Gakat ES
Libagon,Kawayan ES
Libagon,Libagon CS
Libagon,Libagon NHS
Libagon,Magkasag ES
Libagon,Mayuga ES
Libagon,Nahulid ES
Libagon,Otikon Elementary School
Libagon,Otikon ES
Libagon,RMSMNHS
Libagon,Tigbao ES
Liloan,Amaga ES
Liloan,Anilao Elementary School
Liloan,Anilao ES
Liloan,Bahay ES
Liloan,Cagbungalon ES
Liloan,Calian ES
Liloan,Caligangan ES
Liloan,Candayuman ES
Liloan,CATIG ES
Liloan,Catig ES
Liloan,Estela ES
Liloan,Estela NHS
Liloan,Fatima PS
Liloan,Guintoylan ES
Liloan,Himay-angan ES
Liloan,Himayangan NHS
Liloan,Ilag ES
Liloan,Liloan CS
Liloan,Liloan NTVHS
Liloan,Magaupas ES
Liloan,Mariano Silot Memorial ES
Liloan,New Malangza ES
Liloan,Pandan ES
Liloan,Pres. Quezon ES
Liloan,Pres. Roxas ES
Liloan,San Isidro ES
Liloan,San Roque ES
Liloan,Tabugon ES
Limasawa,Limasawa National High School
Limasawa,Limasawa NHS
Limasawa,Lugsongan ES
Limasawa,Magallanes ES
Limasawa,San Agustin ES
Limasawa,San Bernardo ES
Limasawa,Triana ES
Macrohon,Aguinaldo ES
Macrohon,Amparo ES
Macrohon,Asuncion MGES
Macrohon,Bagong Silang MGS
Macrohon,Bus-Canlusay ES
Macrohon,Cambaro ES
Macrohon,Flordeliz ES
Macrohon,Ichon ES
Macrohon,Ichon NHS
Macrohon,Ilihan ES
Macrohon,Laray ES
Macrohon,Mabini ES
Macrohon,Macrohon CS
Macrohon,Molopolo ES
Macrohon,Rizal ES
Macrohon,Salvador MGES
Macrohon,San Isidro ES
Macrohon,San Joaquin ES
Macrohon,San Roque Elementary School
Macrohon,San Roque ES
Macrohon,San Roque NHS
Macrohon,Sindangan ES
Macrohon,Sto. Nino ES
Macrohon,Villa Jacinta ES
Macrohon,Villa Jacinta NVHS
Malitbog,Abgao ES
Malitbog,Aurora ES
Malitbog,Benit Elementary School
Malitbog,Benit ES
Malitbog,Cadaruhan ES
Malitbog,Cadaruhan Integrated School
Malitbog,Cambalhin ES
Malitbog,Cantamuac ES
Malitbog,Caraatan ES
Malitbog,Concepcion ES
Malitbog,Concepcion NHS
Malitbog,Guinabonan ES
Malitbog,Juangon ES
Malitbog,Kauswagan ES
Malitbog,Lambonao ES
Malitbog,Malitbog CS
Malitbog,Malitbog NHS
Malitbog,Maningning ES
Malitbog,San Jose ES
Malitbog,San Vicente ES
Malitbog,Sangahon ES
Malitbog,Sta. Cruz ES
Malitbog,Sta. Cruz NHS
Malitbog,Tigbawan ES
Malitbog,Timba ES
Padre Burgos,Bunga EMGS
Padre Burgos,Bunga ES
Padre Burgos,Cantutang ES
Padre Burgos,Dinahugan PS
Padre Burgos,Laca ES
Padre Burgos,Lungsodaan ES
Padre Burgos,Padre Burgos Central School
Padre Burgos,Padre Burgos CS
Padre Burgos,Padre Burgos NTVHS
Padre Burgos,San Juan ES
Padre Burgos,San Juan ES w/ SPED
Padre Burgos,Santo Rosario ES
Padre Burgos,Tangkaan ES
Pintuyan,Buenavista ES
Pintuyan,Bulawan PS
Pintuyan,Catbawan ES
Pintuyan,Cogon ES
Pintuyan,Dan-an ES
Pintuyan,Manglit ES
Pintuyan,Nueva Estrella ES
Pintuyan,Pintuyan CS
Pintuyan,Pintuyan National High School
Pintuyan,Pintuyan NHS
Pintuyan,Pintuyan NVHS
Pintuyan,Punod PS
Pintuyan,San Agustin ES
Pintuyan,Son-ok ES
Saint Bernard,Atuyan MGES
Saint Bernard,Ayahag ES
Saint Bernard,Bantawon MGES
Saint Bernard,Bolodbolod ES
Saint Bernard,Carnaga MGES
Saint Bernard,Catmon IS
Saint Bernard,Himbangan ES
Saint Bernard,Himbangan NHS
Saint Bernard,Himos-onan ES
Saint Bernard,Hindag-an ES
Saint Bernard,Libas MGES
Saint Bernard,Lipanto ES
Saint Bernard,Ma. Asuncion ES
Saint Bernard,Magbagacay ES
Saint Bernard,Mahayag ES
Saint Bernard,Mahayahay ES
Saint Bernard,Mahika ES
Saint Bernard,Malinao MGES
Saint Bernard,New Guinsaugon Elementary School
Saint Bernard,New Guinsaugon ES
Saint Bernard,New Guinsaugon NHS
Saint Bernard,Nueva Esperanza ES
Saint Bernard,Panian ES
Saint Bernard,Saint Bernard CS
Saint Bernard,San Isidro ES
Saint Bernard,Sta.Cruz MGES
Saint Bernard,Sug-Angon PS
Saint Bernard,Tabontabon ES
Saint Bernard,Tambis I ES
Saint Bernard,Tambis II MG ES
Saint Bernard,Tambis NHS
San Francisco,Anislagon PS
San Francisco,Bongawisan ES
San Francisco,Bongbong ES
San Francisco,Celestino A. Ablas Sr. Academy Foundation Inc. - Saint Joseph College Extension
San Francisco,Celestino A. Ablas Sr. Academy Foundation Inc.- Saint Joseph College Extension
San Francisco,Habay ES
San Francisco,Marayag ES
San Francisco,Marayag NHS
San Francisco,Napantao ES
San Francisco,Pinamudlan ES
San Francisco,San Francisco CS
San Francisco,San Francisco NHS
San Francisco,Sta. Paz ES
San Francisco,Sta. Paz NHS
San Francisco,Sudmon Elementary School
San Francisco,Sudmon ES
San Francisco,Tuno ES
San Juan,Agay-ay ES
San Juan,Basak ES
San Juan,Bobon ES
San Juan,Dayanog ES
San Juan,Garsavic ES
San Juan,Pong-oy ES
San Juan,San Juan Central Elementary with SPED Center
San Juan,San Juan ES w/ SPED
San Juan,San Juan NHS
San Juan,Somoje ES
San Juan,Sta. Filomena ES
San Juan,Sua ES
San Juan,Timba ES
San Ricardo,Benit ES
San Ricardo,Camang ES
San Ricardo,Esperanza ES
San Ricardo,Esperanza National High School
San Ricardo,Esperanza NHS
San Ricardo,Kinachawa ES
San Ricardo,Pinut-an ES
San Ricardo,Pinut-an NHS
San Ricardo,San Ramon ES
San Ricardo,San Ricardo CS
San Ricardo,San Ricardo NHS
San Ricardo,Saub Integrated School
San Ricardo,Saub IS
Silago,Awayon ES
Silago,Balagawan ES
Silago,Catmon ES
Silago,Hingatungan ES
Silago,Hingatungan NHS
Silago,Imelda PS
Silago,Katipunan ES
Silago,Katipunan NHS
Silago,Lagoma ES
Silago,Mercedes NHS
Silago,Puntana PS
Silago,Salvacion ES
Silago,Sap-ang ES
Silago,Silago Central School
Silago,Silago CS
Silago,Silago NVHS
Silago,Sudmon ES
Silago,Tuba-on ES
Silago,Tubod ES
Sogod I,Cabadbaran PS
Sogod I,Hindangan PS
Sogod I,Kauswagan ES
Sogod I,Libas ES
Sogod I,Libas NHS
Sogod I,Lum-an MGES
Sogod I,Lum-an PS
Sogod I,Mabicay ES
Sogod I,Milagroso ES
Sogod I,Rizal PS
Sogod I,San Pedro Elementary School
Sogod I,San Pedro ES
Sogod I,Sogod CS w/ SPED Center
Sogod I,Sogod NHS
Sogod I,Sta. Maria PS
Sogod II,Benit PS
Sogod II,Buac ES
Sogod II,Concepcion ES
Sogod II,Consolacion Elementary School
Sogod II,Consolacion ES
Sogod II,Consolacion NHS
Sogod II,Dagsa MGES
Sogod II,Hipantag MGES
Sogod II,Hipantag PS
Sogod II,Kahupian IS
Sogod II,Kanangkaan ES
Sogod II,Mac ES
Sogod II,Magatas ES
Sogod II,Olisihan ES
Sogod II,Pancho Villa ES
Sogod II,Pandan-San Miguel ES
Sogod II,San Francisco Mabuhay PS
Sogod II,San Isidro ES
Sogod II,San Isidro NHS
Sogod II,San Juan ES
Sogod II,Suba ES
Tomas Oppus,Anahawan ES
Tomas Oppus,Cabascan ES
Tomas Oppus,Camansi ES
Tomas Oppus,Cambite ES
Tomas Oppus,Canlupao ES
Tomas Oppus,Carnaga ES
Tomas Oppus,Cawayan ES
Tomas Oppus,DAFENHS
Tomas Oppus,Hinagtican ES
Tomas Oppus,Hinapo ES
Tomas Oppus,Hugpa ES
Tomas Oppus,Maanyag ES
Tomas Oppus,Mapgap ES
Tomas Oppus,Maslog ES
Tomas Oppus,Rizal ES
Tomas Oppus,Rizal NHS
Tomas Oppus,San Antonio ES
Tomas Oppus,San Isidro ES
Tomas Oppus,San Isidro NHS
Tomas Oppus,Tinago ES
Tomas Oppus,Tomas Oppus Central School
Tomas Oppus,Tomas Oppus CS
